,#:REBASE name,Sequence AC,System type,Protein type,Recognition site,Length,Locus,Protein ID,Uniprot AC,GI,Putative,Complex name
40,AatI,NEBC13653,Type II,R,AGGCCT,274,-,-,-,-,no,-
152,AbrI,X62690,Type II,R,CTCGAG,222,-,CAA44567.1,P26919,38661,no,-
1606,BfaIA,HQ446228,Type II,R,CTAG,205,-,ADQ20485.1,E5LG97,311977224,no,BfaI
1607,BfaIB,HQ446228,Type II,R,CTAG,196,-,ADQ20486.1,E5LG98,311977225,no,BfaI
2828,BstFI,NEBC15050,Type II,R,AAGCTT,318,-,-,-,-,no,-
2831,BstVI,L07643,Type II,R,CTCGAG,224,-,AAA22281.1,P43421,142619,no,-
2835,BstZ1II,AY789018,Type II,R,AAGCTT,318,-,AAX14642.1,Q32WE8,60202513,no,-
2912,BsuMIA,AL009126,Type II,R,CTCGAG,313,BSU_06090,CAB12428.1,O35025,-,no,BsuMI
2913,BsuMIB,AL009126,Type II,R,CTCGAG,343,BSU_06100,CAB12429.1,O34885,-,no,BsuMI
2914,BsuMIC,AL009126,Type II,R,CTCGAG,465,BSU_06110,CAB12430.1,O34303,-,no,BsuMI
3395,CchI,CP000108,Type II,R,CTAG,197,Cag_1100,ABB28362.1,Q3ARL3,78171266,no,-
4367,Csp231I,AY787793,Type II,R,AAGCTT,313,-,AAX19733.1,Q32WH3,60418613,no,-
5055,DraI,JF432063,Type II,R,TTTAAA,384,-,ADZ31431.1,F1KM56,325564296,no,-
5539,Eco1524I,EU863203,Type II,R,AGGCCT,272,-,-,-,-,no,-
6416,EcoVIII,AF158026,Type II,R,AAGCTT,307,-,AAF71176.1,Q9JP70,7960014,no,-
8365,HindIII,L42023,Type II,R,AAGCTT,300,HI_1393,AAC23040.1,P43870,1574230,no,-
13868,LlaCI,HQ646604,Type II,R,AAGCTT,332,-,AEV59860.1,G9BNL2,359755276,no,-
15533,MjaI,L77117,Type II,R,CTAG,222,MJ_0984,AAB98987.1,Q58391,1591646,no,-
16072,MthZI,X68367,Type II,R,CTAG,202,-,CAA48446.1,P29566,809724,no,-
18438,PaeR7I,X03274,Type II,R,CTCGAG,246,-,CAA27026.1,P05104,45387,no,-
19861,R1.BsuMI,CP010052,Type II,R,CTCGAG,313,QU35_03530,AIY91901.1,-,728883506,no,-
20313,R2.BsuMI,CP010052,Type II,R,CTCGAG,343,QU35_03535,AIY91902.1,-,728883507,no,-
20659,R3.BsuMI,CP010052,Type II,R,CTCGAG,465,QU35_03540,AIY91903.1,-,728883508,no,-
23583,TliI,CP006670,Type II,R,CTCGAG,281,OCC_13281,EHR77447.1,H3ZRP1,374741014,no,-
24573,XhoI,NEBC13645,Type II,R,CTCGAG,246,-,-,-,-,no,-
